"Source:","/home/fabian/Projekte/PCB/Shoto/Shoto.sch"
"Date:","Mon 25 Jan 2021 04:14:01 PM CET"
"Tool:","Eeschema 5.1.9"
"Component Count:","115"
"Ref","Value","Footprint","Datasheet","Manufacturer","Vendor"
"C1","100n","Capacitor_SMD:C_0603_1608Metric","~","",""
"C2","100n","Capacitor_SMD:C_0603_1608Metric","~","",""
"C3","100n","Capacitor_SMD:C_0603_1608Metric","~","",""
"C4","10n","Capacitor_SMD:C_0603_1608Metric","~","",""
"C5","4.7u","Capacitor_SMD:C_0603_1608Metric","~","",""
"C6","4.7u","Capacitor_SMD:C_0603_1608Metric","~","",""
"C7","1u","Capacitor_SMD:C_0603_1608Metric","~","",""
"C8","4.7u","Capacitor_SMD:C_0603_1608Metric","~","",""
"C9","4.7n","Capacitor_SMD:C_0603_1608Metric","~","",""
"C10","1u","Capacitor_SMD:C_0603_1608Metric","~","",""
"C11","1u","Capacitor_SMD:C_0603_1608Metric","~","",""
"C12","10u","Capacitor_SMD:C_0603_1608Metric","~","",""
"C13","1u","Capacitor_SMD:C_0603_1608Metric","~","",""
"D1","SMF9.0CA","Diode_SMD:D_SOD-123","https://www.littelfuse.com/~/media/electronics/datasheets/tvs_diode_arrays/littelfuse_tvs_diode_array_sd_c_datasheet.pdf.pdf","",""
"D2","D_Schottky","Diode_SMD:D_SOD-123","~","",""
"D3","D","Diode_SMD:D_SOD-123","~","",""
"D4","D","Diode_SMD:D_SOD-123","~","",""
"D5","D","Diode_SMD:D_SOD-123","~","",""
"D6","D","Diode_SMD:D_SOD-123","~","",""
"D7","D","Diode_SMD:D_SOD-123","~","",""
"D8","D","Diode_SMD:D_SOD-123","~","",""
"D9","D","Diode_SMD:D_SOD-123","~","",""
"D10","D","Diode_SMD:D_SOD-123","~","",""
"D11","D","Diode_SMD:D_SOD-123","~","",""
"D12","D","Diode_SMD:D_SOD-123","~","",""
"D13","D","Diode_SMD:D_SOD-123","~","",""
"D14","D","Diode_SMD:D_SOD-123","~","",""
"DD1","BAV70","keyboard_parts:SOT23-3_HSOL","https://assets.nexperia.com/documents/data-sheet/BAV70_SER.pdf","",""
"DD2","BAV70","keyboard_parts:SOT23-3_HSOL","https://assets.nexperia.com/documents/data-sheet/BAV70_SER.pdf","",""
"DD3","BAV70","keyboard_parts:SOT23-3_HSOL","https://assets.nexperia.com/documents/data-sheet/BAV70_SER.pdf","",""
"DD4","BAV70","keyboard_parts:SOT23-3_HSOL","https://assets.nexperia.com/documents/data-sheet/BAV70_SER.pdf","",""
"DD5","BAV70","keyboard_parts:SOT23-3_HSOL","https://assets.nexperia.com/documents/data-sheet/BAV70_SER.pdf","",""
"DD6","BAV70","keyboard_parts:SOT23-3_HSOL","https://assets.nexperia.com/documents/data-sheet/BAV70_SER.pdf","",""
"DD7","BAV70","keyboard_parts:SOT23-3_HSOL","https://assets.nexperia.com/documents/data-sheet/BAV70_SER.pdf","",""
"DD8","BAV70","keyboard_parts:SOT23-3_HSOL","https://assets.nexperia.com/documents/data-sheet/BAV70_SER.pdf","",""
"DD9","BAV70","keyboard_parts:SOT23-3_HSOL","https://assets.nexperia.com/documents/data-sheet/BAV70_SER.pdf","",""
"DD10","BAV70","keyboard_parts:SOT23-3_HSOL","https://assets.nexperia.com/documents/data-sheet/BAV70_SER.pdf","",""
"DD11","BAV70","keyboard_parts:SOT23-3_HSOL","https://assets.nexperia.com/documents/data-sheet/BAV70_SER.pdf","",""
"DD12","BAV70","keyboard_parts:SOT23-3_HSOL","https://assets.nexperia.com/documents/data-sheet/BAV70_SER.pdf","",""
"DD13","BAV70","keyboard_parts:SOT23-3_HSOL","https://assets.nexperia.com/documents/data-sheet/BAV70_SER.pdf","",""
"DD14","BAV70","keyboard_parts:SOT23-3_HSOL","https://assets.nexperia.com/documents/data-sheet/BAV70_SER.pdf","",""
"DD15","BAV70","keyboard_parts:SOT23-3_HSOL","https://assets.nexperia.com/documents/data-sheet/BAV70_SER.pdf","",""
"DD16","BAV70","keyboard_parts:SOT23-3_HSOL","https://assets.nexperia.com/documents/data-sheet/BAV70_SER.pdf","",""
"DD17","BAV70","keyboard_parts:SOT23-3_HSOL","https://assets.nexperia.com/documents/data-sheet/BAV70_SER.pdf","",""
"DD18","BAV70","keyboard_parts:SOT23-3_HSOL","https://assets.nexperia.com/documents/data-sheet/BAV70_SER.pdf","",""
"F1","ASMD1206-150","Fuse:Fuse_1206_3216Metric","~","",""
"H1","MountingHole","MountingHole:MountingHole_2.2mm_M2","~","",""
"H2","MountingHole","MountingHole:MountingHole_2.2mm_M2","~","",""
"H3","MountingHole","MountingHole:MountingHole_2.2mm_M2","~","",""
"H4","MountingHole","MountingHole:MountingHole_2.2mm_M2","~","",""
"H5","MountingHole","MountingHole:MountingHole_2.2mm_M2","~","",""
"H6","MountingHole","MountingHole:MountingHole_2.2mm_M2","~","",""
"J1","USB_C_Receptacle_USB2.0","Connector_USB:USB_C_Receptacle_HRO_TYPE-C-31-M-12","https://www.usb.org/sites/default/files/documents/usb_type-c.zip","",""
"J2","Case","MountingHole:MountingHole_2.2mm_M2_Pad","~","",""
"K1","KEYSW","keyboard_parts:Kailh_MX_Socket","","",""
"K2","KEYSW","keyboard_parts:Kailh_MX_Socket","","",""
"K3","KEYSW","keyboard_parts:Kailh_MX_Socket","","",""
"K4","KEYSW","keyboard_parts:Kailh_MX_Socket","","",""
"K5","KEYSW","keyboard_parts:Kailh_MX_Socket","","",""
"K6","KEYSW","keyboard_parts:Kailh_MX_Socket","","",""
"K7","KEYSW","keyboard_parts:Kailh_MX_Socket","","",""
"K8","KEYSW","keyboard_parts:Kailh_MX_Socket","","",""
"K9","KEYSW","keyboard_parts:Kailh_MX_Socket","","",""
"K10","KEYSW","keyboard_parts:Kailh_MX_Socket","","",""
"K11","KEYSW","keyboard_parts:Kailh_MX_Socket","","",""
"K12","KEYSW","keyboard_parts:Kailh_MX_Socket","","",""
"K13","KEYSW","keyboard_parts:Kailh_MX_Socket","","",""
"K14","KEYSW","keyboard_parts:Kailh_MX_Socket","","",""
"K15","KEYSW","keyboard_parts:Kailh_MX_Socket","","",""
"K16","KEYSW","keyboard_parts:Kailh_MX_Socket","","",""
"K17","KEYSW","keyboard_parts:Kailh_MX_Socket","","",""
"K18","KEYSW","keyboard_parts:Kailh_MX_Socket","","",""
"K19","KEYSW","keyboard_parts:Kailh_MX_Socket","","",""
"K20","KEYSW","keyboard_parts:Kailh_MX_Socket","","",""
"K21","KEYSW","keyboard_parts:Kailh_MX_Socket","","",""
"K22","KEYSW","keyboard_parts:Kailh_MX_Socket","","",""
"K23","KEYSW","keyboard_parts:Kailh_MX_Socket","","",""
"K24","KEYSW","keyboard_parts:Kailh_MX_Socket","","",""
"K25","KEYSW","keyboard_parts:Kailh_MX_Socket","","",""
"K26","KEYSW","keyboard_parts:Kailh_MX_Socket","","",""
"K27","KEYSW","keyboard_parts:Kailh_MX_Socket","","",""
"K28","KEYSW","keyboard_parts:Kailh_MX_Socket","","",""
"K29","KEYSW","keyboard_parts:Kailh_MX_Socket","","",""
"K30","KEYSW","keyboard_parts:Kailh_MX_Socket","","",""
"K31","KEYSW","keyboard_parts:Kailh_MX_Socket","","",""
"K32","KEYSW","keyboard_parts:Kailh_MX_Socket","","",""
"K33","KEYSW","keyboard_parts:Kailh_MX_Socket","","",""
"K34","KEYSW","keyboard_parts:Kailh_MX_Socket","","",""
"K35","KEYSW","keyboard_parts:Kailh_MX_Socket","","",""
"K36","KEYSW","keyboard_parts:Kailh_MX_Socket","","",""
"K37","KEYSW","keyboard_parts:Kailh_MX_Socket","","",""
"K38","KEYSW","keyboard_parts:Kailh_MX_Socket","","",""
"K39","KEYSW","keyboard_parts:Kailh_MX_Socket","","",""
"K40","KEYSW","keyboard_parts:Kailh_MX_Socket","","",""
"K41","KEYSW","keyboard_parts:Kailh_MX_Socket","","",""
"K42","KEYSW","keyboard_parts:Kailh_MX_Socket","","",""
"K43","KEYSW","keyboard_parts:Kailh_MX_Socket","","",""
"K44","KEYSW","keyboard_parts:Kailh_MX_Socket","","",""
"K45","KEYSW","keyboard_parts:Kailh_MX_Socket","","",""
"K46","KEYSW","keyboard_parts:Kailh_MX_Socket","","",""
"K47","KEYSW","keyboard_parts:Kailh_MX_Socket","","",""
"K48","KEYSW","keyboard_parts:Kailh_MX_Socket","","",""
"Q1","2N7002","Package_TO_SOT_SMD:SOT-23","https://www.onsemi.com/pub/Collateral/NDS7002A-D.PDF","",""
"R1","5.1k","Resistor_SMD:R_0603_1608Metric","~","",""
"R2","5.1k","Resistor_SMD:R_0603_1608Metric","~","",""
"R3","1M","Resistor_SMD:R_1206_3216Metric","~","",""
"R4","10k","Resistor_SMD:R_0603_1608Metric","~","",""
"R5","10k","Resistor_SMD:R_0603_1608Metric","~","",""
"R6","100k","Resistor_SMD:R_0603_1608Metric","~","",""
"Stab_1","Stabilizer","Keebio-Parts:2U-StabFlip","~","",""
"Stab_2","Stabilizer","Keebio-Parts:2U-StabFlip","~","",""
"SW1","TS-1187A-B-A-B","Keebio-Parts:SW_SPST_TL3342","~","",""
"U1","STM32F072C8Tx","Package_QFP:LQFP-48_7x7mm_P0.5mm","http://www.st.com/st-web-ui/static/active/en/resource/technical/document/datasheet/DM00090510.pdf","",""
"U2","XC6206PxxxMR","Package_TO_SOT_SMD:SOT-23","https://www.torexsemi.com/file/xc6206/XC6206.pdf","",""
"U3","SRV05-4","Package_TO_SOT_SMD:SOT-23-6","http://www.onsemi.com/pub/Collateral/SRV05-4-D.PDF","",""
